AÑO;MES;PROVINCIA_DESTINO;CONTINENTE_ORIGEN;PAIS_ORIGEN;TURISTAS;PERNOCTACIONES
2019;7;A Coruña;América;Argentina;491;4075
2019;7;Albacete;América;Argentina;36;230
2019;7;Alicante/Alacant;América;Argentina;874;7254
2019;7;Almería;América;Argentina;188;1692
2019;7;Araba/Álava;América;Argentina;39;300
2019;7;Asturias;América;Argentina;239;1840
2019;7;Badajoz;América;Argentina;30;198
2019;7;Barcelona;América;Argentina;9639;55906
2019;7;Bizkaia;América;Argentina;175;1225
2019;7;Burgos;América;Argentina;54;275
2019;7;Cantabria;América;Argentina;99;713
2019;7;Castellón/Castelló;América;Argentina;125;850
2019;7;Cáceres;América;Argentina;35;273
2019;7;Cádiz;América;Argentina;306;2203
2019;7;Córdoba;América;Argentina;66;482
2019;7;Gipuzkoa;América;Argentina;366;2672
2019;7;Girona;América;Argentina;664;4582
2019;7;Granada;América;Argentina;293;2051
2019;7;Guadalajara;América;Argentina;58;348
2019;7;Huelva;América;Argentina;39;328
2019;7;Huesca;América;Argentina;59;354
2019;7;Illes Balears;América;Argentina;3866;29768
2019;7;La Rioja;América;Argentina;43;288
2019;7;Las Palmas;América;Argentina;237;1612
2019;7;León;América;Argentina;72;576
2019;7;Lleida;América;Argentina;79;537
2019;7;Lugo;América;Argentina;95;713
2019;7;Madrid;América;Argentina;12154;57124
2019;7;Murcia;América;Argentina;147;1264
2019;7;Málaga;América;Argentina;1412;11437
2019;7;Navarra;América;Argentina;153;1102
2019;7;Ourense;América;Argentina;69;600
2019;7;Pontevedra;América;Argentina;267;2243
2019;7;Salamanca;América;Argentina;90;675
2019;7;Santa Cruz de Tenerife;América;Argentina;177;1487
2019;7;Segovia;América;Argentina;70;392
2019;7;Sevilla;América;Argentina;324;2300
2019;7;Tarragona;América;Argentina;410;3198
2019;7;Toledo;América;Argentina;170;748
2019;7;Total Nacional;América;Argentina;34780;211712
2019;7;Valencia/València;América;Argentina;707;5373
2019;7;Valladolid;América;Argentina;58;406
2019;7;Zaragoza;América;Argentina;101;828
2019;7;Ávila;América;Argentina;35;235
2019;8;A Coruña;América;Argentina;607;6070
2019;8;Alicante/Alacant;América;Argentina;1088;12186
2019;8;Almería;América;Argentina;203;2355
2019;8;Araba/Álava;América;Argentina;49;475
2019;8;Asturias;América;Argentina;315;3024
2019;8;Badajoz;América;Argentina;45;356
2019;8;Barcelona;América;Argentina;10372;71567
2019;8;Bizkaia;América;Argentina;249;2166
2019;8;Burgos;América;Argentina;58;458
2019;8;Cantabria;América;Argentina;133;1051
2019;8;Castellón/Castelló;América;Argentina;168;1478
2019;8;Cuenca;América;Argentina;39;179
2019;8;Cáceres;América;Argentina;85;740
2019;8;Cádiz;América;Argentina;409;3845
2019;8;Córdoba;América;Argentina;77;578
2019;8;Gipuzkoa;América;Argentina;437;3409
2019;8;Girona;América;Argentina;727;5816
2019;8;Granada;América;Argentina;321;2600
2019;8;Guadalajara;América;Argentina;65;358
2019;8;Huelva;América;Argentina;80;656
2019;8;Huesca;América;Argentina;79;608
2019;8;Illes Balears;América;Argentina;4373;38482
2019;8;La Rioja;América;Argentina;60;624
2019;8;Las Palmas;América;Argentina;347;3088
2019;8;León;América;Argentina;98;1058
2019;8;Lleida;América;Argentina;118;1015
2019;8;Lugo;América;Argentina;114;1140
2019;8;Madrid;América;Argentina;12178;65761
2019;8;Murcia;América;Argentina;173;1782
2019;8;Málaga;América;Argentina;1793;16675
2019;8;Navarra;América;Argentina;133;1383
2019;8;Ourense;América;Argentina;97;1086
2019;8;Pontevedra;América;Argentina;468;5148
2019;8;Salamanca;América;Argentina;97;669
2019;8;Santa Cruz de Tenerife;América;Argentina;200;2040
2019;8;Segovia;América;Argentina;70;441
2019;8;Sevilla;América;Argentina;335;2546
2019;8;Tarragona;América;Argentina;415;3818
2019;8;Toledo;América;Argentina;206;989
2019;8;Total Nacional;América;Argentina;38089;277874
2019;8;Valencia/València;América;Argentina;835;7098
2019;8;Valladolid;América;Argentina;55;451
2019;8;Zamora;América;Argentina;32;253
2019;8;Zaragoza;América;Argentina;112;1008
2019;8;Ávila;América;Argentina;40;320
2019;9;A Coruña;América;Argentina;555;4773
2019;9;Albacete;América;Argentina;38;289
2019;9;Alicante/Alacant;América;Argentina;648;6286
2019;9;Almería;América;Argentina;144;1670
2019;9;Araba/Álava;América;Argentina;44;440
2019;9;Asturias;América;Argentina;238;2166
2019;9;Badajoz;América;Argentina;48;408
2019;9;Barcelona;América;Argentina;9325;68073
2019;9;Bizkaia;América;Argentina;242;1863
2019;9;Burgos;América;Argentina;64;467
2019;9;Cantabria;América;Argentina;157;1429
2019;9;Castellón/Castelló;América;Argentina;122;1025
2019;9;Ciudad Real;América;Argentina;32;240
2019;9;Cáceres;América;Argentina;42;357
2019;9;Cádiz;América;Argentina;397;3573
2019;9;Córdoba;América;Argentina;121;762
2019;9;Gipuzkoa;América;Argentina;395;3121
2019;9;Girona;América;Argentina;524;3982
2019;9;Granada;América;Argentina;391;2893
2019;9;Guadalajara;América;Argentina;94;432
2019;9;Huelva;América;Argentina;66;680
2019;9;Huesca;América;Argentina;48;389
2019;9;Illes Balears;América;Argentina;3030;26664
2019;9;La Rioja;América;Argentina;65;553
2019;9;Las Palmas;América;Argentina;283;2123
2019;9;León;América;Argentina;82;787
2019;9;Lleida;América;Argentina;83;623
2019;9;Lugo;América;Argentina;119;1047
2019;9;Madrid;América;Argentina;12806;67872
2019;9;Murcia;América;Argentina;104;926
2019;9;Málaga;América;Argentina;1586;14591
2019;9;Navarra;América;Argentina;138;1049
2019;9;Ourense;América;Argentina;68;660
2019;9;Pontevedra;América;Argentina;303;3182
2019;9;Salamanca;América;Argentina;100;720
2019;9;Santa Cruz de Tenerife;América;Argentina;393;3576
2019;9;Segovia;América;Argentina;69;283
2019;9;Sevilla;América;Argentina;538;3927
2019;9;Tarragona;América;Argentina;352;2816
2019;9;Toledo;América;Argentina;196;921
2019;9;Total Nacional;América;Argentina;34971;245517
2019;9;Valencia/València;América;Argentina;603;5548
2019;9;Valladolid;América;Argentina;54;421
2019;9;Zaragoza;América;Argentina;105;788
2019;10;A Coruña;América;Argentina;332;3187
2019;10;Alicante/Alacant;América;Argentina;530;5353
2019;10;Almería;América;Argentina;119;1416
2019;10;Araba/Álava;América;Argentina;31;295
2019;10;Asturias;América;Argentina;200;1800
2019;10;Badajoz;América;Argentina;54;535
2019;10;Barcelona;América;Argentina;7978;54250
2019;10;Bizkaia;América;Argentina;226;1605
2019;10;Burgos;América;Argentina;47;362
2019;10;Cantabria;América;Argentina;98;1049
2019;10;Castellón/Castelló;América;Argentina;123;1156
2019;10;Cuenca;América;Argentina;38;285
2019;10;Cáceres;América;Argentina;37;244
2019;10;Cádiz;América;Argentina;351;3440
2019;10;Córdoba;América;Argentina;106;922
2019;10;Gipuzkoa;América;Argentina;316;2844
2019;10;Girona;América;Argentina;310;2697
2019;10;Granada;América;Argentina;366;2965
2019;10;Guadalajara;América;Argentina;48;307
2019;10;Huelva;América;Argentina;75;848
2019;10;Huesca;América;Argentina;33;307
2019;10;Illes Balears;América;Argentina;1420;13632
2019;10;La Rioja;América;Argentina;70;644
2019;10;Las Palmas;América;Argentina;240;2112
2019;10;León;América;Argentina;53;514
2019;10;Lleida;América;Argentina;74;466
2019;10;Lugo;América;Argentina;62;459
2019;10;Madrid;América;Argentina;12471;76073
2019;10;Murcia;América;Argentina;104;1071
2019;10;Málaga;América;Argentina;1272;12974
2019;10;Navarra;América;Argentina;105;924
2019;10;Ourense;América;Argentina;54;680
2019;10;Pontevedra;América;Argentina;357;3749
2019;10;Salamanca;América;Argentina;103;814
2019;10;Santa Cruz de Tenerife;América;Argentina;233;2400
2019;10;Segovia;América;Argentina;35;238
2019;10;Sevilla;América;Argentina;505;4596
2019;10;Tarragona;América;Argentina;266;2341
2019;10;Toledo;América;Argentina;160;816
2019;10;Total Nacional;América;Argentina;29873;218077
2019;10;Valencia/València;América;Argentina;557;5124
2019;10;Valladolid;América;Argentina;38;243
2019;10;Zaragoza;América;Argentina;112;1064
2019;11;A Coruña;América;Argentina;151;1721
2019;11;Alicante/Alacant;América;Argentina;357;3749
2019;11;Almería;América;Argentina;87;974
2019;11;Asturias;América;Argentina;93;1014
2019;11;Barcelona;América;Argentina;5292;37044
2019;11;Bizkaia;América;Argentina;102;1122
2019;11;Cantabria;América;Argentina;34;384
2019;11;Castellón/Castelló;América;Argentina;70;455
2019;11;Cádiz;América;Argentina;205;1722
2019;11;Córdoba;América;Argentina;43;447
2019;11;Gipuzkoa;América;Argentina;107;1102
2019;11;Girona;América;Argentina;194;1765
2019;11;Granada;América;Argentina;196;1686
2019;11;Guadalajara;América;Argentina;45;315
2019;11;Illes Balears;América;Argentina;518;5853
2019;11;La Rioja;América;Argentina;33;314
2019;11;Las Palmas;América;Argentina;201;2030
2019;11;León;América;Argentina;38;300
2019;11;Lleida;América;Argentina;56;448
2019;11;Lugo;América;Argentina;32;339
2019;11;Madrid;América;Argentina;7816;46896
2019;11;Murcia;América;Argentina;80;880
2019;11;Málaga;América;Argentina;749;7865
2019;11;Navarra;América;Argentina;54;464
2019;11;Pontevedra;América;Argentina;130;1690
2019;11;Salamanca;América;Argentina;49;417
2019;11;Santa Cruz de Tenerife;América;Argentina;118;1180
2019;11;Sevilla;América;Argentina;312;3214
2019;11;Tarragona;América;Argentina;176;1742
2019;11;Toledo;América;Argentina;102;632
2019;11;Total Nacional;América;Argentina;18275;135324
2019;11;Valencia/València;América;Argentina;388;3880
2019;11;Valladolid;América;Argentina;33;432
2019;11;Zaragoza;América;Argentina;91;810
2019;12;A Coruña;América;Argentina;129;1355
2019;12;Alicante/Alacant;América;Argentina;313;3287
2019;12;Almería;América;Argentina;75;833
2019;12;Asturias;América;Argentina;86;783
2019;12;Barcelona;América;Argentina;4195;28107
2019;12;Bizkaia;América;Argentina;71;675
2019;12;Cantabria;América;Argentina;34;337
2019;12;Castellón/Castelló;América;Argentina;58;539
2019;12;Cádiz;América;Argentina;96;778
2019;12;Córdoba;América;Argentina;40;308
2019;12;Gipuzkoa;América;Argentina;93;660
2019;12;Girona;América;Argentina;107;1049
2019;12;Granada;América;Argentina;125;1113
2019;12;Guadalajara;América;Argentina;36;270
2019;12;Illes Balears;América;Argentina;348;3550
2019;12;La Rioja;América;Argentina;34;221
2019;12;Las Palmas;América;Argentina;187;1646
2019;12;Lleida;América;Argentina;75;653
2019;12;Madrid;América;Argentina;6206;28548
2019;12;Murcia;América;Argentina;75;878
2019;12;Málaga;América;Argentina;575;5693
2019;12;Navarra;América;Argentina;33;330
2019;12;Pontevedra;América;Argentina;101;869
2019;12;Santa Cruz de Tenerife;América;Argentina;138;1449
2019;12;Segovia;América;Argentina;34;139
2019;12;Sevilla;América;Argentina;167;1453
2019;12;Tarragona;América;Argentina;144;1267
2019;12;Toledo;América;Argentina;80;432
2019;12;Total Nacional;América;Argentina;14458;94717
2019;12;Valencia/València;América;Argentina;378;3704
2019;12;Zaragoza;América;Argentina;69;794
2020;1;A Coruña;América;Argentina;165;1716
2020;1;Alicante/Alacant;América;Argentina;294;3528
2020;1;Almería;América;Argentina;89;1113
2020;1;Araba/Álava;América;Argentina;31;394
2020;1;Asturias;América;Argentina;95;1055
2020;1;Badajoz;América;Argentina;30;333
2020;1;Barcelona;América;Argentina;5630;36595
2020;1;Bizkaia;América;Argentina;106;1155
2020;1;Burgos;América;Argentina;34;337
2020;1;Cantabria;América;Argentina;44;471
2020;1;Castellón/Castelló;América;Argentina;54;605
2020;1;Cádiz;América;Argentina;114;1163
2020;1;Córdoba;América;Argentina;89;694
2020;1;Gipuzkoa;América;Argentina;114;1049
2020;1;Girona;América;Argentina;181;1738
2020;1;Granada;América;Argentina;244;2367
2020;1;Huesca;América;Argentina;32;320
2020;1;Illes Balears;América;Argentina;465;5813
2020;1;Las Palmas;América;Argentina;268;2626
2020;1;León;América;Argentina;35;375
2020;1;Lleida;América;Argentina;105;1061
2020;1;Madrid;América;Argentina;9165;48575
2020;1;Murcia;América;Argentina;80;904
2020;1;Málaga;América;Argentina;818;9980
2020;1;Navarra;América;Argentina;46;488
2020;1;Pontevedra;América;Argentina;139;1890
2020;1;Salamanca;América;Argentina;49;461
2020;1;Santa Cruz de Tenerife;América;Argentina;129;1638
2020;1;Sevilla;América;Argentina;404;4040
2020;1;Tarragona;América;Argentina;181;1882
2020;1;Toledo;América;Argentina;112;930
2020;1;Total Nacional;América;Argentina;20289;145720
2020;1;Valencia/València;América;Argentina;498;6076
2020;1;Valladolid;América;Argentina;36;385
2020;1;Zaragoza;América;Argentina;80;832
2020;2;A Coruña;América;Argentina;139;1612
2020;2;Alicante/Alacant;América;Argentina;304;3253
2020;2;Almería;América;Argentina;106;1208
2020;2;Asturias;América;Argentina;104;1258
2020;2;Barcelona;América;Argentina;5972;41804
2020;2;Bizkaia;América;Argentina;89;854
2020;2;Cantabria;América;Argentina;50;515
2020;2;Castellón/Castelló;América;Argentina;54;637
2020;2;Cádiz;América;Argentina;109;894
2020;2;Córdoba;América;Argentina;83;614
2020;2;Gipuzkoa;América;Argentina;114;1243
2020;2;Girona;América;Argentina;169;1724
2020;2;Granada;América;Argentina;249;2042
2020;2;Guadalajara;América;Argentina;32;339
2020;2;Illes Balears;América;Argentina;445;4940
2020;2;La Rioja;América;Argentina;30;282
2020;2;Las Palmas;América;Argentina;205;2091
2020;2;Lleida;América;Argentina;118;1239
2020;2;Madrid;América;Argentina;10109;51556
2020;2;Murcia;América;Argentina;99;980
2020;2;Málaga;América;Argentina;659;7249
2020;2;Navarra;América;Argentina;53;615
2020;2;Pontevedra;América;Argentina;101;970
2020;2;Salamanca;América;Argentina;76;889
2020;2;Santa Cruz de Tenerife;América;Argentina;138;1490
2020;2;Sevilla;América;Argentina;356;3631
2020;2;Tarragona;América;Argentina;191;1872
2020;2;Toledo;América;Argentina;108;583
2020;2;Total Nacional;América;Argentina;21150;145955
2020;2;Valencia/València;América;Argentina;417;4587
2020;2;Valladolid;América;Argentina;35;382
2020;2;Zaragoza;América;Argentina;92;1104
2020;3;A Coruña;América;Argentina;128;1229
2020;3;Alicante/Alacant;América;Argentina;291;3376
2020;3;Almería;América;Argentina;51;683
2020;3;Asturias;América;Argentina;68;578
2020;3;Barcelona;América;Argentina;3881;30660
2020;3;Bizkaia;América;Argentina;77;624
2020;3;Cantabria;América;Argentina;31;322
2020;3;Castellón/Castelló;América;Argentina;47;512
2020;3;Cádiz;América;Argentina;86;722
2020;3;Córdoba;América;Argentina;40;448
2020;3;Gipuzkoa;América;Argentina;92;911
2020;3;Girona;América;Argentina;125;1325
2020;3;Granada;América;Argentina;142;1179
2020;3;Illes Balears;América;Argentina;399;4229
2020;3;La Rioja;América;Argentina;31;245
2020;3;Las Palmas;América;Argentina;192;1786
2020;3;Lleida;América;Argentina;75;668
2020;3;Madrid;América;Argentina;5928;38532
2020;3;Murcia;América;Argentina;89;979
2020;3;Málaga;América;Argentina;586;6856
2020;3;Navarra;América;Argentina;38;388
2020;3;Pontevedra;América;Argentina;74;910
2020;3;Salamanca;América;Argentina;37;326
2020;3;Santa Cruz de Tenerife;América;Argentina;209;1902
2020;3;Sevilla;América;Argentina;227;2225
2020;3;Tarragona;América;Argentina;132;1254
2020;3;Toledo;América;Argentina;50;295
2020;3;Total Nacional;América;Argentina;13961;110791
2020;3;Valencia/València;América;Argentina;457;4433
2020;3;Zaragoza;América;Argentina;53;546
2020;4;A Coruña;América;Argentina;41;521
2020;4;Alicante/Alacant;América;Argentina;137;1713
2020;4;Almería;América;Argentina;48;518
2020;4;Asturias;América;Argentina;40;540
2020;4;Barcelona;América;Argentina;815;9943
2020;4;Cádiz;América;Argentina;38;270
2020;4;Girona;América;Argentina;40;484
2020;4;Granada;América;Argentina;47;475
2020;4;Illes Balears;América;Argentina;245;2989
2020;4;Las Palmas;América;Argentina;183;1190
2020;4;Madrid;América;Argentina;601;7152
2020;4;Murcia;América;Argentina;41;422
2020;4;Málaga;América;Argentina;278;3308
2020;4;Pontevedra;América;Argentina;32;458
2020;4;Santa Cruz de Tenerife;América;Argentina;56;650
2020;4;Sevilla;América;Argentina;30;405
2020;4;Tarragona;América;Argentina;94;1109
2020;4;Total Nacional;América;Argentina;3206;37122
2020;4;Valencia/València;América;Argentina;169;1927
2020;5;A Coruña;América;Argentina;50;610
2020;5;Alicante/Alacant;América;Argentina;146;2029
2020;5;Almería;América;Argentina;46;598
2020;5;Asturias;América;Argentina;41;529
2020;5;Barcelona;América;Argentina;866;11691
2020;5;Bizkaia;América;Argentina;33;274
2020;5;Cádiz;América;Argentina;62;384
2020;5;Girona;América;Argentina;62;868
2020;5;Granada;América;Argentina;36;410
2020;5;Illes Balears;América;Argentina;216;2614
2020;5;Las Palmas;América;Argentina;154;1417
2020;5;Lleida;América;Argentina;48;0
2020;5;Madrid;América;Argentina;565;7289
2020;5;Murcia;América;Argentina;34;320
2020;5;Málaga;América;Argentina;256;3942
2020;5;Pontevedra;América;Argentina;33;383
2020;5;Santa Cruz de Tenerife;América;Argentina;48;514
2020;5;Sevilla;América;Argentina;34;578
2020;5;Tarragona;América;Argentina;86;1109
2020;5;Total Nacional;América;Argentina;3260;41885
2020;5;Valencia/València;América;Argentina;178;2563
2020;5;Zaragoza;América;Argentina;30;273
2020;6;A Coruña;América;Argentina;36;328
2020;6;Alicante/Alacant;América;Argentina;113;1220
2020;6;Almería;América;Argentina;43;400
2020;6;Asturias;América;Argentina;38;532
2020;6;Barcelona;América;Argentina;759;7818
2020;6;Cádiz;América;Argentina;56;308
2020;6;Girona;América;Argentina;58;650
2020;6;Granada;América;Argentina;38;380
2020;6;Illes Balears;América;Argentina;186;2195
2020;6;Las Palmas;América;Argentina;94;602
2020;6;Madrid;América;Argentina;444;4618
2020;6;Murcia;América;Argentina;33;366
2020;6;Málaga;América;Argentina;210;2583
2020;6;Santa Cruz de Tenerife;América;Argentina;41;336
2020;6;Tarragona;América;Argentina;64;614
2020;6;Total Nacional;América;Argentina;2711;28198
2020;6;Valencia/València;América;Argentina;164;1968
2020;7;Alicante/Alacant;América;Argentina;103;1236
2020;7;Almería;América;Argentina;30;345
2020;7;Barcelona;América;Argentina;737;9286
2020;7;Cádiz;América;Argentina;32;259
2020;7;Girona;América;Argentina;60;630
2020;7;Illes Balears;América;Argentina;193;2181
2020;7;Las Palmas;América;Argentina;64;582
2020;7;Madrid;América;Argentina;563;6193
2020;7;Málaga;América;Argentina;193;2297
2020;7;Pontevedra;América;Argentina;46;455
2020;7;Santa Cruz de Tenerife;América;Argentina;66;733
2020;7;Tarragona;América;Argentina;44;502
2020;7;Total Nacional;América;Argentina;2736;31370
2020;7;Valencia/València;América;Argentina;162;1798
2020;8;Alicante/Alacant;América;Argentina;111;1476
2020;8;Barcelona;América;Argentina;609;7673
2020;8;Castellón/Castelló;América;Argentina;31;384
2020;8;Cádiz;América;Argentina;44;585
2020;8;Gipuzkoa;América;Argentina;31;474
2020;8;Girona;América;Argentina;62;843
2020;8;Illes Balears;América;Argentina;250;3250
2020;8;Las Palmas;América;Argentina;44;400
2020;8;Madrid;América;Argentina;653;7118
2020;8;Málaga;América;Argentina;228;3124
2020;8;Pontevedra;América;Argentina;41;439
2020;8;Santa Cruz de Tenerife;América;Argentina;55;644
2020;8;Tarragona;América;Argentina;46;658
2020;8;Total Nacional;América;Argentina;2735;33564
2020;8;Valencia/València;América;Argentina;146;1825
2020;9;A Coruña;América;Argentina;35;406
2020;9;Alicante/Alacant;América;Argentina;118;1357
2020;9;Almería;América;Argentina;30;213
2020;9;Barcelona;América;Argentina;791;7831
2020;9;Cádiz;América;Argentina;43;417
2020;9;Gipuzkoa;América;Argentina;41;414
2020;9;Girona;América;Argentina;61;659
2020;9;Granada;América;Argentina;30;369
2020;9;Illes Balears;América;Argentina;240;2664
2020;9;Las Palmas;América;Argentina;48;514
2020;9;Madrid;América;Argentina;884;6895
2020;9;Málaga;América;Argentina;199;2209
2020;9;Pontevedra;América;Argentina;46;483
2020;9;Santa Cruz de Tenerife;América;Argentina;41;381
2020;9;Tarragona;América;Argentina;47;625
2020;9;Total Nacional;América;Argentina;3175;30982
2020;9;Valencia/València;América;Argentina;172;1944
2020;10;A Coruña;América;Argentina;40;612
2020;10;Alicante/Alacant;América;Argentina;118;1593
2020;10;Almería;América;Argentina;37;433
2020;10;Barcelona;América;Argentina;819;9828
2020;10;Cádiz;América;Argentina;33;333
2020;10;Gipuzkoa;América;Argentina;32;422
2020;10;Girona;América;Argentina;60;726
2020;10;Granada;América;Argentina;38;353
2020;10;Illes Balears;América;Argentina;162;2414
2020;10;Las Palmas;América;Argentina;63;548
2020;10;Madrid;América;Argentina;990;10296
2020;10;Murcia;América;Argentina;31;400
2020;10;Málaga;América;Argentina;243;3645
2020;10;Pontevedra;América;Argentina;47;663
2020;10;Santa Cruz de Tenerife;América;Argentina;40;524
2020;10;Sevilla;América;Argentina;35;504
2020;10;Tarragona;América;Argentina;49;701
2020;10;Total Nacional;América;Argentina;3261;38959
2020;10;Valencia/València;América;Argentina;171;2257
2020;11;A Coruña;América;Argentina;33;356
2020;11;Alicante/Alacant;América;Argentina;103;999
2020;11;Barcelona;América;Argentina;679;6111
2020;11;Gipuzkoa;América;Argentina;30;282
2020;11;Girona;América;Argentina;40;376
2020;11;Granada;América;Argentina;30;255
2020;11;Illes Balears;América;Argentina;143;1416
2020;11;Las Palmas;América;Argentina;52;286
2020;11;Madrid;América;Argentina;1037;6948
2020;11;Málaga;América;Argentina;214;2097
2020;11;Pontevedra;América;Argentina;34;292
2020;11;Santa Cruz de Tenerife;América;Argentina;37;285
2020;11;Sevilla;América;Argentina;34;343
2020;11;Tarragona;América;Argentina;41;435
2020;11;Total Nacional;América;Argentina;2925;24704
2020;11;Valencia/València;América;Argentina;119;1190
2020;12;A Coruña;América;Argentina;41;533
2020;12;Alicante/Alacant;América;Argentina;108;1458
2020;12;Almería;América;Argentina;31;341
2020;12;Barcelona;América;Argentina;733;7843
2020;12;Cádiz;América;Argentina;40;364
2020;12;Gipuzkoa;América;Argentina;32;381
2020;12;Girona;América;Argentina;40;532
2020;12;Granada;América;Argentina;39;386
2020;12;Illes Balears;América;Argentina;140;1834
2020;12;Las Palmas;América;Argentina;57;656
2020;12;Madrid;América;Argentina;1042;8649
2020;12;Murcia;América;Argentina;32;298
2020;12;Málaga;América;Argentina;209;2759
2020;12;Pontevedra;América;Argentina;53;652
2020;12;Santa Cruz de Tenerife;América;Argentina;43;546
2020;12;Sevilla;América;Argentina;34;483
2020;12;Tarragona;América;Argentina;44;431
2020;12;Total Nacional;América;Argentina;3156;33087
2020;12;Valencia/València;América;Argentina;132;1439
2020;12;Zaragoza;América;Argentina;30;405
2021;1;A Coruña;América;Argentina;35;319
2021;1;Alicante/Alacant;América;Argentina;94;808
2021;1;Barcelona;América;Argentina;841;6223
2021;1;Cádiz;América;Argentina;37;296
2021;1;Girona;América;Argentina;35;287
2021;1;Granada;América;Argentina;36;248
2021;1;Illes Balears;América;Argentina;149;1341
2021;1;Las Palmas;América;Argentina;46;350
2021;1;Madrid;América;Argentina;1101;5945
2021;1;Málaga;América;Argentina;240;2016
2021;1;Pontevedra;América;Argentina;39;394
2021;1;Santa Cruz de Tenerife;América;Argentina;36;349
2021;1;Sevilla;América;Argentina;33;241
2021;1;Tarragona;América;Argentina;63;592
2021;1;Total Nacional;América;Argentina;3275;23229
2021;1;Valencia/València;América;Argentina;142;1150
2021;2;A Coruña;América;Argentina;41;496
2021;2;Alicante/Alacant;América;Argentina;95;922
2021;2;Barcelona;América;Argentina;797;6137
2021;2;Illes Balears;América;Argentina;104;832
2021;2;Las Palmas;América;Argentina;61;390
2021;2;Madrid;América;Argentina;1253;6265
2021;2;Málaga;América;Argentina;215;2107
2021;2;Santa Cruz de Tenerife;América;Argentina;43;348
2021;2;Tarragona;América;Argentina;33;314
2021;2;Total Nacional;América;Argentina;3206;22803
2021;2;Valencia/València;América;Argentina;121;1258
2021;3;A Coruña;América;Argentina;40;372
2021;3;Alicante/Alacant;América;Argentina;132;1201
2021;3;Asturias;América;Argentina;32;269
2021;3;Barcelona;América;Argentina;980;8036
2021;3;Gipuzkoa;América;Argentina;33;162
2021;3;Girona;América;Argentina;35;396
2021;3;Granada;América;Argentina;38;285
2021;3;Illes Balears;América;Argentina;141;1142
2021;3;Las Palmas;América;Argentina;60;342
2021;3;Madrid;América;Argentina;1523;9595
2021;3;Málaga;América;Argentina;337;3471
2021;3;Santa Cruz de Tenerife;América;Argentina;39;316
2021;3;Sevilla;América;Argentina;30;273
2021;3;Tarragona;América;Argentina;60;612
2021;3;Total Nacional;América;Argentina;4048;31170
2021;3;Valencia/València;América;Argentina;177;1593
2021;4;A Coruña;América;Argentina;30;279
2021;4;Alicante/Alacant;América;Argentina;142;1349
2021;4;Almería;América;Argentina;32;262
2021;4;Asturias;América;Argentina;45;446
2021;4;Barcelona;América;Argentina;1010;7474
2021;4;Bizkaia;América;Argentina;39;335
2021;4;Cádiz;América;Argentina;42;231
2021;4;Gipuzkoa;América;Argentina;38;213
2021;4;Girona;América;Argentina;53;339
2021;4;Granada;América;Argentina;31;174
2021;4;Illes Balears;América;Argentina;169;1420
2021;4;Las Palmas;América;Argentina;57;405
2021;4;Madrid;América;Argentina;1028;6476
2021;4;Málaga;América;Argentina;296;2575
2021;4;Santa Cruz de Tenerife;América;Argentina;38;251
2021;4;Tarragona;América;Argentina;41;443
2021;4;Total Nacional;América;Argentina;3566;26664
2021;4;Valencia/València;América;Argentina;195;1697
2021;5;A Coruña;América;Argentina;34;282
2021;5;Alicante/Alacant;América;Argentina;171;1488
2021;5;Almería;América;Argentina;39;257
2021;5;Barcelona;América;Argentina;1125;8663
2021;5;Castellón/Castelló;América;Argentina;31;171
2021;5;Cádiz;América;Argentina;44;189
2021;5;Girona;América;Argentina;44;396
2021;5;Granada;América;Argentina;38;327
2021;5;Illes Balears;América;Argentina;218;1613
2021;5;Las Palmas;América;Argentina;58;476
2021;5;Madrid;América;Argentina;1338;9232
2021;5;Málaga;América;Argentina;346;3149
2021;5;Pontevedra;América;Argentina;36;317
2021;5;Santa Cruz de Tenerife;América;Argentina;34;309
2021;5;Sevilla;América;Argentina;35;336
2021;5;Tarragona;América;Argentina;71;653
2021;5;Total Nacional;América;Argentina;4224;32559
2021;5;Valencia/València;América;Argentina;203;1746
2021;5;Zaragoza;América;Argentina;31;270
2021;6;A Coruña;América;Argentina;46;391
2021;6;Alicante/Alacant;América;Argentina;242;2033
2021;6;Almería;América;Argentina;44;387
2021;6;Asturias;América;Argentina;40;376
2021;6;Barcelona;América;Argentina;1579;12158
2021;6;Castellón/Castelló;América;Argentina;38;266
2021;6;Cádiz;América;Argentina;50;335
2021;6;Gipuzkoa;América;Argentina;37;252
2021;6;Girona;América;Argentina;74;533
2021;6;Granada;América;Argentina;44;348
2021;6;Illes Balears;América;Argentina;424;3562
2021;6;Las Palmas;América;Argentina;67;328
2021;6;Madrid;América;Argentina;2511;14062
2021;6;Málaga;América;Argentina;532;4788
2021;6;Pontevedra;América;Argentina;48;432
2021;6;Santa Cruz de Tenerife;América;Argentina;52;473
2021;6;Sevilla;América;Argentina;41;250
2021;6;Tarragona;América;Argentina;77;593
2021;6;Total Nacional;América;Argentina;6536;46142
2021;6;Valencia/València;América;Argentina;256;2125
2021;7;A Coruña;América;Argentina;47;423
2021;7;Alicante/Alacant;América;Argentina;339;2915
2021;7;Almería;América;Argentina;49;441
2021;7;Asturias;América;Argentina;59;460
2021;7;Barcelona;América;Argentina;1952;16006
2021;7;Bizkaia;América;Argentina;36;263
2021;7;Castellón/Castelló;América;Argentina;35;287
2021;7;Cádiz;América;Argentina;76;540
2021;7;Gipuzkoa;América;Argentina;67;449
2021;7;Girona;América;Argentina;125;950
2021;7;Granada;América;Argentina;60;390
2021;7;Illes Balears;América;Argentina;811;6731
2021;7;Las Palmas;América;Argentina;106;668
2021;7;Madrid;América;Argentina;3006;18337
2021;7;Murcia;América;Argentina;44;418
2021;7;Málaga;América;Argentina;657;5913
2021;7;Pontevedra;América;Argentina;55;479
2021;7;Santa Cruz de Tenerife;América;Argentina;83;639
2021;7;Sevilla;América;Argentina;66;528
2021;7;Tarragona;América;Argentina;99;861
2021;7;Total Nacional;América;Argentina;8535;64155
2021;7;Valencia/València;América;Argentina;394;3349
2021;8;A Coruña;América;Argentina;71;880
2021;8;Alicante/Alacant;América;Argentina;432;4795
2021;8;Almería;América;Argentina;70;749
2021;8;Asturias;América;Argentina;92;994
2021;8;Barcelona;América;Argentina;2081;24972
2021;8;Bizkaia;América;Argentina;35;357
2021;8;Cantabria;América;Argentina;31;288
2021;8;Castellón/Castelló;América;Argentina;47;475
2021;8;Cádiz;América;Argentina;148;1495
2021;8;Gipuzkoa;América;Argentina;60;636
2021;8;Girona;América;Argentina;162;1733
2021;8;Granada;América;Argentina;75;615
2021;8;Illes Balears;América;Argentina;999;12288
2021;8;Las Palmas;América;Argentina;114;718
2021;8;Lleida;América;Argentina;35;315
2021;8;Madrid;América;Argentina;3340;22378
2021;8;Murcia;América;Argentina;36;317
2021;8;Málaga;América;Argentina;737;8844
2021;8;Navarra;América;Argentina;35;473
2021;8;Pontevedra;América;Argentina;86;894
2021;8;Santa Cruz de Tenerife;América;Argentina;88;1082
2021;8;Sevilla;América;Argentina;64;678
2021;8;Tarragona;América;Argentina;159;1558
2021;8;Total Nacional;América;Argentina;9812;95489
2021;8;Valencia/València;América;Argentina;426;4643
2021;8;Zaragoza;América;Argentina;60;588
2021;9;A Coruña;América;Argentina;99;1040
2021;9;Alicante/Alacant;América;Argentina;424;4834
2021;9;Almería;América;Argentina;73;745
2021;9;Asturias;América;Argentina;80;848
2021;9;Barcelona;América;Argentina;2478;23045
2021;9;Bizkaia;América;Argentina;50;405
2021;9;Cantabria;América;Argentina;43;323
2021;9;Castellón/Castelló;América;Argentina;64;589
2021;9;Cádiz;América;Argentina;108;1102
2021;9;Gipuzkoa;América;Argentina;82;631
2021;9;Girona;América;Argentina;157;1586
2021;9;Granada;América;Argentina;83;855
2021;9;Illes Balears;América;Argentina;848;8989
2021;9;Las Palmas;América;Argentina;82;730
2021;9;Madrid;América;Argentina;3634;23258
2021;9;Murcia;América;Argentina;44;387
2021;9;Málaga;América;Argentina;750;8250
2021;9;Navarra;América;Argentina;36;439
2021;9;Pontevedra;América;Argentina;73;737
2021;9;Santa Cruz de Tenerife;América;Argentina;55;490
2021;9;Sevilla;América;Argentina;92;773
2021;9;Tarragona;América;Argentina;130;1430
2021;9;Toledo;América;Argentina;43;335
2021;9;Total Nacional;América;Argentina;10423;90819
2021;9;Valencia/València;América;Argentina;487;5357
2021;9;Zaragoza;América;Argentina;50;400
2021;10;A Coruña;América;Argentina;97;931
2021;10;Alicante/Alacant;América;Argentina;444;4484
2021;10;Almería;América;Argentina;68;619
2021;10;Asturias;América;Argentina;87;940
2021;10;Barcelona;América;Argentina;3257;30290
2021;10;Bizkaia;América;Argentina;75;683
2021;10;Cantabria;América;Argentina;31;341
2021;10;Castellón/Castelló;América;Argentina;67;616
2021;10;Cádiz;América;Argentina;91;810
2021;10;Córdoba;América;Argentina;31;186
2021;10;Gipuzkoa;América;Argentina;105;861
2021;10;Girona;América;Argentina;156;1576
2021;10;Granada;América;Argentina;115;966
2021;10;Illes Balears;América;Argentina;761;8599
2021;10;Las Palmas;América;Argentina;98;823
2021;10;Lleida;América;Argentina;51;413
2021;10;Madrid;América;Argentina;5124;34331
2021;10;Murcia;América;Argentina;54;481
2021;10;Málaga;América;Argentina;883;10155
2021;10;Navarra;América;Argentina;44;436
2021;10;Pontevedra;América;Argentina;104;967
2021;10;Santa Cruz de Tenerife;América;Argentina;118;1239
2021;10;Sevilla;América;Argentina;115;1035
2021;10;Tarragona;América;Argentina;146;1445
2021;10;Toledo;América;Argentina;48;259
2021;10;Total Nacional;América;Argentina;13166;113992
2021;10;Valencia/València;América;Argentina;602;7104
2021;10;Valladolid;América;Argentina;35;273
2021;10;Zaragoza;América;Argentina;65;611
2021;11;A Coruña;América;Argentina;80;792
2021;11;Alicante/Alacant;América;Argentina;394;3585
2021;11;Almería;América;Argentina;56;515
2021;11;Asturias;América;Argentina;57;519
2021;11;Barcelona;América;Argentina;3204;24350
2021;11;Bizkaia;América;Argentina;64;467
2021;11;Cantabria;América;Argentina;36;299
2021;11;Castellón/Castelló;América;Argentina;60;456
2021;11;Cádiz;América;Argentina;80;608
2021;11;Córdoba;América;Argentina;35;210
2021;11;Gipuzkoa;América;Argentina;71;582
2021;11;Girona;América;Argentina;119;1238
2021;11;Granada;América;Argentina;102;908
2021;11;Illes Balears;América;Argentina;472;4767
2021;11;Las Palmas;América;Argentina;121;956
2021;11;Lleida;América;Argentina;54;346
2021;11;Madrid;América;Argentina;6007;33639
2021;11;Murcia;América;Argentina;58;418
2021;11;Málaga;América;Argentina;827;8601
2021;11;Navarra;América;Argentina;51;541
2021;11;Pontevedra;América;Argentina;74;755
2021;11;Santa Cruz de Tenerife;América;Argentina;89;917
2021;11;Sevilla;América;Argentina;137;1178
2021;11;Tarragona;América;Argentina;156;1466
2021;11;Toledo;América;Argentina;54;297
2021;11;Total Nacional;América;Argentina;13484;98180
2021;11;Valencia/València;América;Argentina;603;6151
2021;11;Valladolid;América;Argentina;33;257
2021;11;Zaragoza;América;Argentina;66;634
2021;12;A Coruña;América;Argentina;127;1245
2021;12;Alicante/Alacant;América;Argentina;450;3915
2021;12;Almería;América;Argentina;111;799
2021;12;Asturias;América;Argentina;95;931
2021;12;Barcelona;América;Argentina;2682;20651
2021;12;Bizkaia;América;Argentina;66;574
2021;12;Castellón/Castelló;América;Argentina;52;416
2021;12;Cádiz;América;Argentina;54;454
2021;12;Córdoba;América;Argentina;36;407
2021;12;Gipuzkoa;América;Argentina;52;380
2021;12;Girona;América;Argentina;112;762
2021;12;Granada;América;Argentina;101;737
2021;12;Illes Balears;América;Argentina;412;3667
2021;12;Las Palmas;América;Argentina;205;1230
2021;12;Lleida;América;Argentina;41;275
2021;12;Madrid;América;Argentina;5733;29812
2021;12;Murcia;América;Argentina;77;716
2021;12;Málaga;América;Argentina;854;7686
2021;12;Navarra;América;Argentina;64;666
2021;12;Pontevedra;América;Argentina;96;835
2021;12;Santa Cruz de Tenerife;América;Argentina;87;757
2021;12;Sevilla;América;Argentina;125;1038
2021;12;Tarragona;América;Argentina;165;1485
2021;12;Toledo;América;Argentina;63;372
2021;12;Total Nacional;América;Argentina;12950;89690
2021;12;Valencia/València;América;Argentina;672;6182
2021;12;Valladolid;América;Argentina;30;279
2021;12;Zaragoza;América;Argentina;75;780
2022;1;A Coruña;América;Argentina;96;989
2022;1;Alicante/Alacant;América;Argentina;273;2867
2022;1;Almería;América;Argentina;64;531
2022;1;Asturias;América;Argentina;72;677
2022;1;Barcelona;América;Argentina;1940;18818
2022;1;Bizkaia;América;Argentina;68;646
2022;1;Castellón/Castelló;América;Argentina;49;510
2022;1;Cádiz;América;Argentina;68;673
2022;1;Córdoba;América;Argentina;40;384
2022;1;Gipuzkoa;América;Argentina;74;651
2022;1;Girona;América;Argentina;121;1174
2022;1;Granada;América;Argentina;133;1170
2022;1;Illes Balears;América;Argentina;298;3338
2022;1;Las Palmas;América;Argentina;141;1325
2022;1;Lleida;América;Argentina;78;554
2022;1;Madrid;América;Argentina;3735;30627
2022;1;Murcia;América;Argentina;48;442
2022;1;Málaga;América;Argentina;592;7104
2022;1;Navarra;América;Argentina;33;347
2022;1;Pontevedra;América;Argentina;98;1127
2022;1;Santa Cruz de Tenerife;América;Argentina;65;806
2022;1;Sevilla;América;Argentina;131;1336
2022;1;Tarragona;América;Argentina;94;940
2022;1;Toledo;América;Argentina;76;479
2022;1;Total Nacional;América;Argentina;9137;85417
2022;1;Valencia/València;América;Argentina;350;4165
2022;1;Zaragoza;América;Argentina;62;942
2022;2;A Coruña;América;Argentina;63;554
2022;2;Alicante/Alacant;América;Argentina;211;2194
2022;2;Almería;América;Argentina;41;402
2022;2;Asturias;América;Argentina;46;345
2022;2;Barcelona;América;Argentina;1913;15687
2022;2;Bizkaia;América;Argentina;49;544
2022;2;Castellón/Castelló;América;Argentina;48;494
2022;2;Cádiz;América;Argentina;49;451
2022;2;Gipuzkoa;América;Argentina;64;525
2022;2;Girona;América;Argentina;75;630
2022;2;Granada;América;Argentina;77;662
2022;2;Illes Balears;América;Argentina;213;1853
2022;2;Las Palmas;América;Argentina;135;1215
2022;2;Lleida;América;Argentina;98;1156
2022;2;Madrid;América;Argentina;4240;28832
2022;2;Murcia;América;Argentina;33;271
2022;2;Málaga;América;Argentina;542;5962
2022;2;Navarra;América;Argentina;32;342
2022;2;Pontevedra;América;Argentina;78;850
2022;2;Santa Cruz de Tenerife;América;Argentina;78;725
2022;2;Sevilla;América;Argentina;112;1086
2022;2;Tarragona;América;Argentina;80;792
2022;2;Toledo;América;Argentina;65;397
2022;2;Total Nacional;América;Argentina;9034;72477
2022;2;Valencia/València;América;Argentina;344;3578
2022;2;Zaragoza;América;Argentina;53;493
2022;3;A Coruña;América;Argentina;102;1102
2022;3;Alicante/Alacant;América;Argentina;319;2967
2022;3;Almería;América;Argentina;51;581
2022;3;Asturias;América;Argentina;45;383
2022;3;Barcelona;América;Argentina;3171;22197
2022;3;Bizkaia;América;Argentina;60;504
2022;3;Cantabria;América;Argentina;38;429
2022;3;Castellón/Castelló;América;Argentina;53;541
2022;3;Cádiz;América;Argentina;63;617
2022;3;Córdoba;América;Argentina;36;227
2022;3;Gipuzkoa;América;Argentina;89;650
2022;3;Girona;América;Argentina;125;988
2022;3;Granada;América;Argentina;108;918
2022;3;Illes Balears;América;Argentina;319;2648
2022;3;Las Palmas;América;Argentina;153;1301
2022;3;Lleida;América;Argentina;58;452
2022;3;Madrid;América;Argentina;5882;36468
2022;3;Murcia;América;Argentina;54;470
2022;3;Málaga;América;Argentina;699;6990
2022;3;Navarra;América;Argentina;31;298
2022;3;Pontevedra;América;Argentina;83;714
2022;3;Salamanca;América;Argentina;35;242
2022;3;Santa Cruz de Tenerife;América;Argentina;87;974
2022;3;Sevilla;América;Argentina;179;1701
2022;3;Tarragona;América;Argentina;90;765
2022;3;Toledo;América;Argentina;60;372
2022;3;Total Nacional;América;Argentina;12829;93334
2022;3;Valencia/València;América;Argentina;531;5416
2022;3;Zaragoza;América;Argentina;50;465
2022;4;A Coruña;América;Argentina;130;1235
2022;4;Alicante/Alacant;América;Argentina;372;3422
2022;4;Almería;América;Argentina;51;459
2022;4;Asturias;América;Argentina;93;818
2022;4;Barcelona;América;Argentina;4527;31689
2022;4;Bizkaia;América;Argentina;115;1104
2022;4;Cantabria;América;Argentina;53;472
2022;4;Castellón/Castelló;América;Argentina;47;334
2022;4;Cádiz;América;Argentina;82;664
2022;4;Córdoba;América;Argentina;49;426
2022;4;Gipuzkoa;América;Argentina;122;915
2022;4;Girona;América;Argentina;173;1246
2022;4;Granada;América;Argentina;179;1253
2022;4;Illes Balears;América;Argentina;785;6123
2022;4;Las Palmas;América;Argentina;141;1114
2022;4;Lleida;América;Argentina;45;279
2022;4;Lugo;América;Argentina;34;292
2022;4;Madrid;América;Argentina;8581;51486
2022;4;Murcia;América;Argentina;60;600
2022;4;Málaga;América;Argentina;861;8782
2022;4;Navarra;América;Argentina;42;315
2022;4;Pontevedra;América;Argentina;88;862
2022;4;Salamanca;América;Argentina;35;322
2022;4;Santa Cruz de Tenerife;América;Argentina;106;1039
2022;4;Sevilla;América;Argentina;263;2288
2022;4;Tarragona;América;Argentina;132;990
2022;4;Toledo;América;Argentina;84;588
2022;4;Total Nacional;América;Argentina;18222;127692
2022;4;Valencia/València;América;Argentina;583;5480
2022;4;Zaragoza;América;Argentina;69;649
2022;5;A Coruña;América;Argentina;215;1978
2022;5;Alicante/Alacant;América;Argentina;539;5875
2022;5;Almería;América;Argentina;76;851
2022;5;Asturias;América;Argentina;112;1019
2022;5;Barcelona;América;Argentina;6338;45634
2022;5;Bizkaia;América;Argentina;158;1280
2022;5;Burgos;América;Argentina;38;277
2022;5;Cantabria;América;Argentina;53;525
2022;5;Castellón/Castelló;América;Argentina;62;657
2022;5;Cáceres;América;Argentina;30;246
2022;5;Cádiz;América;Argentina;156;1388
2022;5;Córdoba;América;Argentina;62;521
2022;5;Gipuzkoa;América;Argentina;187;1552
2022;5;Girona;América;Argentina;296;2338
2022;5;Granada;América;Argentina;223;2096
2022;5;Guadalajara;América;Argentina;46;419
2022;5;Huelva;América;Argentina;30;366
2022;5;Huesca;América;Argentina;32;170
2022;5;Illes Balears;América;Argentina;1561;13893
2022;5;La Rioja;América;Argentina;32;298
2022;5;Las Palmas;América;Argentina;212;1611
2022;5;León;América;Argentina;34;306
2022;5;Lleida;América;Argentina;63;473
2022;5;Lugo;América;Argentina;38;399
2022;5;Madrid;América;Argentina;12040;71036
2022;5;Murcia;América;Argentina;92;874
2022;5;Málaga;América;Argentina;1319;15037
2022;5;Navarra;América;Argentina;62;570
2022;5;Ourense;América;Argentina;31;301
2022;5;Pontevedra;América;Argentina;184;1785
2022;5;Salamanca;América;Argentina;46;336
2022;5;Santa Cruz de Tenerife;América;Argentina;108;950
2022;5;Sevilla;América;Argentina;376;3722
2022;5;Tarragona;América;Argentina;199;1632
2022;5;Toledo;América;Argentina;68;340
2022;5;Total Nacional;América;Argentina;26229;192094
2022;5;Valencia/València;América;Argentina;798;8539
2022;5;Valladolid;América;Argentina;32;390
2022;5;Zaragoza;América;Argentina;74;755
2022;6;A Coruña;América;Argentina;236;2195
2022;6;Alicante/Alacant;América;Argentina;647;7052
2022;6;Almería;América;Argentina;97;815
2022;6;Asturias;América;Argentina;113;1209
2022;6;Badajoz;América;Argentina;34;262
2022;6;Barcelona;América;Argentina;6640;48472
2022;6;Bizkaia;América;Argentina;212;2014
2022;6;Burgos;América;Argentina;33;191
2022;6;Cantabria;América;Argentina;90;882
2022;6;Castellón/Castelló;América;Argentina;83;722
2022;6;Cáceres;América;Argentina;37;289
2022;6;Cádiz;América;Argentina;210;2079
2022;6;Córdoba;América;Argentina;47;291
2022;6;Gipuzkoa;América;Argentina;259;2435
2022;6;Girona;América;Argentina;530;3922
2022;6;Granada;América;Argentina;217;1758
2022;6;Guadalajara;América;Argentina;37;204
2022;6;Huelva;América;Argentina;40;384
2022;6;Illes Balears;América;Argentina;3269;30729
2022;6;La Rioja;América;Argentina;32;320
2022;6;Las Palmas;América;Argentina;179;1522
2022;6;León;América;Argentina;32;294
2022;6;Lleida;América;Argentina;64;454
2022;6;Lugo;América;Argentina;46;373
2022;6;Madrid;América;Argentina;13447;87406
2022;6;Murcia;América;Argentina;73;679
2022;6;Málaga;América;Argentina;1517;18356
2022;6;Navarra;América;Argentina;106;986
2022;6;Pontevedra;América;Argentina;223;2542
2022;6;Salamanca;América;Argentina;60;570
2022;6;Santa Cruz de Tenerife;América;Argentina;162;1345
2022;6;Sevilla;América;Argentina;260;2678
2022;6;Tarragona;América;Argentina;304;2523
2022;6;Toledo;América;Argentina;87;479
2022;6;Total Nacional;América;Argentina;30579;236730
2022;6;Valencia/València;América;Argentina;846;8122
2022;6;Zaragoza;América;Argentina;79;664
2022;7;A Coruña;América;Argentina;320;3520
2022;7;Alicante/Alacant;América;Argentina;852;9031
2022;7;Almería;América;Argentina;119;1226
2022;7;Araba/Álava;América;Argentina;34;245
2022;7;Asturias;América;Argentina;173;1868
2022;7;Badajoz;América;Argentina;36;223
2022;7;Barcelona;América;Argentina;7521;56408
2022;7;Bizkaia;América;Argentina;144;1224
2022;7;Burgos;América;Argentina;41;295
2022;7;Cantabria;América;Argentina;89;952
2022;7;Castellón/Castelló;América;Argentina;136;1333
2022;7;Cádiz;América;Argentina;254;2667
2022;7;Córdoba;América;Argentina;40;328
2022;7;Gipuzkoa;América;Argentina;286;2259
2022;7;Girona;América;Argentina;656;5576
2022;7;Granada;América;Argentina;207;1760
2022;7;Guadalajara;América;Argentina;52;291
2022;7;Huelva;América;Argentina;41;484
2022;7;Huesca;América;Argentina;34;279
2022;7;Illes Balears;América;Argentina;5146;48887
2022;7;La Rioja;América;Argentina;38;346
2022;7;Las Palmas;América;Argentina;215;2021
2022;7;León;América;Argentina;57;559
2022;7;Lleida;América;Argentina;81;591
2022;7;Lugo;América;Argentina;52;478
2022;7;Madrid;América;Argentina;12416;72013
2022;7;Murcia;América;Argentina;75;735
2022;7;Málaga;América;Argentina;1608;19618
2022;7;Navarra;América;Argentina;91;1010
2022;7;Ourense;América;Argentina;44;497
2022;7;Pontevedra;América;Argentina;232;2459
2022;7;Salamanca;América;Argentina;48;384
2022;7;Santa Cruz de Tenerife;América;Argentina;167;1754
2022;7;Sevilla;América;Argentina;178;1655
2022;7;Tarragona;América;Argentina;381;3543
2022;7;Toledo;América;Argentina;99;634
2022;7;Total Nacional;América;Argentina;33276;260214
2022;7;Valencia/València;América;Argentina;1001;10611
2022;7;Zaragoza;América;Argentina;88;898
2022;8;A Coruña;América;Argentina;302;3654
2022;8;Alicante/Alacant;América;Argentina;839;9732
2022;8;Almería;América;Argentina;161;1835
2022;8;Asturias;América;Argentina;154;1648
2022;8;Badajoz;América;Argentina;58;568
2022;8;Barcelona;América;Argentina;7805;63221
2022;8;Bizkaia;América;Argentina;153;1469
2022;8;Burgos;América;Argentina;36;281
2022;8;Cantabria;América;Argentina;87;992
2022;8;Castellón/Castelló;América;Argentina;104;1165
2022;8;Cádiz;América;Argentina;508;5232
2022;8;Gipuzkoa;América;Argentina;326;2934
2022;8;Girona;América;Argentina;623;4797
2022;8;Granada;América;Argentina;176;1725
2022;8;Guadalajara;América;Argentina;34;258
2022;8;Huesca;América;Argentina;43;391
2022;8;Illes Balears;América;Argentina;4390;49607
2022;8;La Rioja;América;Argentina;32;266
2022;8;Las Palmas;América;Argentina;216;1944
2022;8;León;América;Argentina;46;547
2022;8;Lleida;América;Argentina;55;391
2022;8;Lugo;América;Argentina;51;587
2022;8;Madrid;América;Argentina;10495;65069
2022;8;Murcia;América;Argentina;80;848
2022;8;Málaga;América;Argentina;1580;20066
2022;8;Navarra;América;Argentina;66;660
2022;8;Ourense;América;Argentina;47;611
2022;8;Pontevedra;América;Argentina;281;3484
2022;8;Salamanca;América;Argentina;34;262
2022;8;Santa Cruz de Tenerife;América;Argentina;180;2124
2022;8;Sevilla;América;Argentina;209;2445
2022;8;Tarragona;América;Argentina;290;3306
2022;8;Toledo;América;Argentina;73;555
2022;8;Total Nacional;América;Argentina;30877;268191
2022;8;Valencia/València;América;Argentina;967;12088
2022;8;Zaragoza;América;Argentina;86;860
2022;9;A Coruña;América;Argentina;321;3371
2022;9;Alicante/Alacant;América;Argentina;652;7694
2022;9;Almería;América;Argentina;97;1135
2022;9;Araba/Álava;América;Argentina;31;195
2022;9;Asturias;América;Argentina;161;1852
2022;9;Badajoz;América;Argentina;34;275
2022;9;Barcelona;América;Argentina;7017;54031
2022;9;Bizkaia;América;Argentina;151;1616
2022;9;Burgos;América;Argentina;33;231
2022;9;Cantabria;América;Argentina;91;983
2022;9;Castellón/Castelló;América;Argentina;87;853
2022;9;Cáceres;América;Argentina;30;198
2022;9;Cádiz;América;Argentina;199;2109
2022;9;Córdoba;América;Argentina;53;323
2022;9;Gipuzkoa;América;Argentina;295;2714
2022;9;Girona;América;Argentina;466;4194
2022;9;Granada;América;Argentina;213;1725
2022;9;Guadalajara;América;Argentina;36;284
2022;9;Huelva;América;Argentina;33;330
2022;9;Huesca;América;Argentina;39;328
2022;9;Illes Balears;América;Argentina;3459;34936
2022;9;Las Palmas;América;Argentina;173;2041
2022;9;León;América;Argentina;45;509
2022;9;Lleida;América;Argentina;53;419
2022;9;Lugo;América;Argentina;59;620
2022;9;Madrid;América;Argentina;15026;90156
2022;9;Murcia;América;Argentina;80;816
2022;9;Málaga;América;Argentina;1342;14762
2022;9;Navarra;América;Argentina;86;886
2022;9;Ourense;América;Argentina;47;691
2022;9;Pontevedra;América;Argentina;201;2472
2022;9;Salamanca;América;Argentina;45;311
2022;9;Santa Cruz de Tenerife;América;Argentina;152;1596
2022;9;Sevilla;América;Argentina;346;2906
2022;9;Tarragona;América;Argentina;243;2697
2022;9;Toledo;América;Argentina;86;585
2022;9;Total Nacional;América;Argentina;32654;252489
2022;9;Valencia/València;América;Argentina;832;8986
2022;9;Zaragoza;América;Argentina;110;990
2022;10;A Coruña;América;Argentina;260;2600
2022;10;Alicante/Alacant;América;Argentina;562;6126
2022;10;Almería;América;Argentina;81;915
2022;10;Araba/Álava;América;Argentina;33;310
2022;10;Asturias;América;Argentina;155;1581
2022;10;Badajoz;América;Argentina;31;273
2022;10;Barcelona;América;Argentina;6595;47484
2022;10;Bizkaia;América;Argentina;173;1488
2022;10;Cantabria;América;Argentina;103;1051
2022;10;Castellón/Castelló;América;Argentina;99;881
2022;10;Cáceres;América;Argentina;46;396
2022;10;Cádiz;América;Argentina;158;1438
2022;10;Córdoba;América;Argentina;59;484
2022;10;Gipuzkoa;América;Argentina;297;2673
2022;10;Girona;América;Argentina;300;2550
2022;10;Granada;América;Argentina;301;2077
2022;10;Guadalajara;América;Argentina;34;235
2022;10;Huelva;América;Argentina;34;381
2022;10;Huesca;América;Argentina;35;287
2022;10;Illes Balears;América;Argentina;1373;14279
2022;10;Las Palmas;América;Argentina;237;2133
2022;10;León;América;Argentina;30;291
2022;10;Lleida;América;Argentina;92;672
2022;10;Lugo;América;Argentina;68;694
2022;10;Madrid;América;Argentina;16054;102746
2022;10;Murcia;América;Argentina;72;691
2022;10;Málaga;América;Argentina;1217;13022
2022;10;Navarra;América;Argentina;77;747
2022;10;Ourense;América;Argentina;49;544
2022;10;Pontevedra;América;Argentina;251;2510
2022;10;Salamanca;América;Argentina;60;462
2022;10;Santa Cruz de Tenerife;América;Argentina;221;1989
2022;10;Segovia;América;Argentina;35;200
2022;10;Sevilla;América;Argentina;415;3735
2022;10;Tarragona;América;Argentina;263;2209
2022;10;Toledo;América;Argentina;117;655
2022;10;Total Nacional;América;Argentina;31169;231988
2022;10;Valencia/València;América;Argentina;848;8565
2022;10;Valladolid;América;Argentina;31;239
2022;10;Zaragoza;América;Argentina;84;706
2022;11;A Coruña;América;Argentina;234;2668
2022;11;Alicante/Alacant;América;Argentina;671;7113
2022;11;Almería;América;Argentina;108;1069
2022;11;Asturias;América;Argentina;152;1566
2022;11;Badajoz;América;Argentina;49;338
2022;11;Barcelona;América;Argentina;5988;40718
2022;11;Bizkaia;América;Argentina;132;1122
2022;11;Burgos;América;Argentina;46;294
2022;11;Cantabria;América;Argentina;72;677
2022;11;Castellón/Castelló;América;Argentina;71;476
2022;11;Ciudad Real;América;Argentina;35;182
2022;11;Cuenca;América;Argentina;44;286
2022;11;Cádiz;América;Argentina;321;1894
2022;11;Córdoba;América;Argentina;76;623
2022;11;Gipuzkoa;América;Argentina;156;1154
2022;11;Girona;América;Argentina;237;2133
2022;11;Granada;América;Argentina;274;2466
2022;11;Guadalajara;América;Argentina;47;291
2022;11;Huesca;América;Argentina;64;570
2022;11;Illes Balears;América;Argentina;687;7145
2022;11;La Rioja;América;Argentina;43;503
2022;11;Las Palmas;América;Argentina;265;2120
2022;11;León;América;Argentina;44;515
2022;11;Lleida;América;Argentina;136;843
2022;11;Lugo;América;Argentina;42;416
2022;11;Madrid;América;Argentina;11318;62249
2022;11;Murcia;América;Argentina;78;858
2022;11;Málaga;América;Argentina;1247;13966
2022;11;Navarra;América;Argentina;87;792
2022;11;Ourense;América;Argentina;36;367
2022;11;Pontevedra;América;Argentina;178;1833
2022;11;Salamanca;América;Argentina;48;312
2022;11;Santa Cruz de Tenerife;América;Argentina;195;1970
2022;11;Sevilla;América;Argentina;346;3425
2022;11;Tarragona;América;Argentina;237;1849
2022;11;Toledo;América;Argentina;101;495
2022;11;Total Nacional;América;Argentina;25228;178555
2022;11;Valencia/València;América;Argentina;901;9641
2022;11;Valladolid;América;Argentina;35;315
2022;11;Zaragoza;América;Argentina;156;1248
2022;12;A Coruña;América;Argentina;182;1911
2022;12;Alicante/Alacant;América;Argentina;545;4960
2022;12;Almería;América;Argentina;134;1233
2022;12;Araba/Álava;América;Argentina;54;443
2022;12;Asturias;América;Argentina;143;1201
2022;12;Badajoz;América;Argentina;40;272
2022;12;Barcelona;América;Argentina;5190;33735
2022;12;Bizkaia;América;Argentina;123;861
2022;12;Burgos;América;Argentina;36;191
2022;12;Cantabria;América;Argentina;59;478
2022;12;Castellón/Castelló;América;Argentina;94;649
2022;12;Cuenca;América;Argentina;41;131
2022;12;Cáceres;América;Argentina;31;291
2022;12;Cádiz;América;Argentina;99;1040
2022;12;Córdoba;América;Argentina;63;403
2022;12;Gipuzkoa;América;Argentina;161;1369
2022;12;Girona;América;Argentina;208;1435
2022;12;Granada;América;Argentina;247;1729
2022;12;Guadalajara;América;Argentina;88;493
2022;12;Huelva;América;Argentina;39;343
2022;12;Huesca;América;Argentina;37;303
2022;12;Illes Balears;América;Argentina;546;4805
2022;12;Jaén;América;Argentina;52;317
2022;12;La Rioja;América;Argentina;32;189
2022;12;Las Palmas;América;Argentina;207;2236
2022;12;Lleida;América;Argentina;161;950
2022;12;Lugo;América;Argentina;31;195
2022;12;Madrid;América;Argentina;12563;51508
2022;12;Murcia;América;Argentina;85;604
2022;12;Málaga;América;Argentina;1256;12309
2022;12;Navarra;América;Argentina;96;749
2022;12;Ourense;América;Argentina;38;384
2022;12;Pontevedra;América;Argentina;175;1610
2022;12;Salamanca;América;Argentina;39;265
2022;12;Santa Cruz de Tenerife;América;Argentina;224;1949
2022;12;Segovia;América;Argentina;31;245
2022;12;Sevilla;América;Argentina;251;1857
2022;12;Soria;América;Argentina;35;144
2022;12;Tarragona;América;Argentina;227;1748
2022;12;Toledo;América;Argentina;140;574
2022;12;Total Nacional;América;Argentina;25169;148050
2022;12;Valencia/València;América;Argentina;1035;9626
2022;12;Valladolid;América;Argentina;43;327
2022;12;Zaragoza;América;Argentina;121;956
2023;1;A Coruña;América;Argentina;295;3098
2023;1;Alicante/Alacant;América;Argentina;662;7812
2023;1;Almería;América;Argentina;96;1181
2023;1;Araba/Álava;América;Argentina;50;520
2023;1;Asturias;América;Argentina;185;2220
2023;1;Badajoz;América;Argentina;38;448
2023;1;Barcelona;América;Argentina;6353;48283
2023;1;Bizkaia;América;Argentina;156;1544
2023;1;Burgos;América;Argentina;37;303
2023;1;Cantabria;América;Argentina;65;787
2023;1;Castellón/Castelló;América;Argentina;100;990
2023;1;Ciudad Real;América;Argentina;35;368
2023;1;Cuenca;América;Argentina;41;226
2023;1;Cáceres;América;Argentina;51;418
2023;1;Cádiz;América;Argentina;130;1222
2023;1;Córdoba;América;Argentina;109;916
2023;1;Gipuzkoa;América;Argentina;173;1211
2023;1;Girona;América;Argentina;231;2079
2023;1;Granada;América;Argentina;369;3100
2023;1;Guadalajara;América;Argentina;42;302
2023;1;Huesca;América;Argentina;51;347
2023;1;Illes Balears;América;Argentina;561;6339
2023;1;La Rioja;América;Argentina;58;551
2023;1;Las Palmas;América;Argentina;271;2981
2023;1;Lleida;América;Argentina;188;1542
2023;1;Lugo;América;Argentina;34;473
2023;1;Madrid;América;Argentina;13083;83731
2023;1;Murcia;América;Argentina;89;1068
2023;1;Málaga;América;Argentina;1582;17877
2023;1;Navarra;América;Argentina;96;749
2023;1;Ourense;América;Argentina;41;447
2023;1;Pontevedra;América;Argentina;199;2647
2023;1;Salamanca;América;Argentina;82;804
2023;1;Santa Cruz de Tenerife;América;Argentina;267;3097
2023;1;Segovia;América;Argentina;41;221
2023;1;Sevilla;América;Argentina;454;4131
2023;1;Tarragona;América;Argentina;223;2676
2023;1;Toledo;América;Argentina;144;1224
2023;1;Total Nacional;América;Argentina;28261;225031
2023;1;Valencia/València;América;Argentina;1166;13409
2023;1;Valladolid;América;Argentina;47;395
2023;1;Zaragoza;América;Argentina;149;1490
2023;1;Ávila;América;Argentina;37;211
2023;2;A Coruña;América;Argentina;240;2496
2023;2;Alicante/Alacant;América;Argentina;593;6286
2023;2;Almería;América;Argentina;103;906
2023;2;Asturias;América;Argentina;123;1267
2023;2;Badajoz;América;Argentina;31;223
2023;2;Barcelona;América;Argentina;6788;44801
2023;2;Bizkaia;América;Argentina;148;1080
2023;2;Burgos;América;Argentina;38;323
2023;2;Cantabria;América;Argentina;68;755
2023;2;Castellón/Castelló;América;Argentina;96;845
2023;2;Ciudad Real;América;Argentina;33;218
2023;2;Cádiz;América;Argentina;136;1224
2023;2;Córdoba;América;Argentina;93;605
2023;2;Gipuzkoa;América;Argentina;163;1369
2023;2;Girona;América;Argentina;213;1661
2023;2;Granada;América;Argentina;282;2284
2023;2;Guadalajara;América;Argentina;37;192
2023;2;Huesca;América;Argentina;31;174
2023;2;Illes Balears;América;Argentina;542;3902
2023;2;Las Palmas;América;Argentina;236;2171
2023;2;León;América;Argentina;36;328
2023;2;Lleida;América;Argentina;328;3346
2023;2;Lugo;América;Argentina;31;326
2023;2;Madrid;América;Argentina;13132;78792
2023;2;Murcia;América;Argentina;84;941
2023;2;Málaga;América;Argentina;1399;13710
2023;2;Navarra;América;Argentina;82;738
2023;2;Pontevedra;América;Argentina;136;1306
2023;2;Salamanca;América;Argentina;66;469
2023;2;Santa Cruz de Tenerife;América;Argentina;169;1724
2023;2;Sevilla;América;Argentina;465;4092
2023;2;Tarragona;América;Argentina;184;1490
2023;2;Toledo;América;Argentina;140;672
2023;2;Total Nacional;América;Argentina;27701;193960
2023;2;Valencia/València;América;Argentina;1007;9667
2023;2;Valladolid;América;Argentina;47;338
2023;2;Zaragoza;América;Argentina;112;974
2023;3;A Coruña;América;Argentina;294;2675
2023;3;Alicante/Alacant;América;Argentina;829;8705
2023;3;Almería;América;Argentina;125;1313
2023;3;Araba/Álava;América;Argentina;35;378
2023;3;Asturias;América;Argentina;166;1826
2023;3;Badajoz;América;Argentina;38;308
2023;3;Barcelona;América;Argentina;7982;54278
2023;3;Bizkaia;América;Argentina;195;1541
2023;3;Burgos;América;Argentina;47;273
2023;3;Cantabria;América;Argentina;66;587
2023;3;Castellón/Castelló;América;Argentina;158;1343
2023;3;Ciudad Real;América;Argentina;34;214
2023;3;Cuenca;América;Argentina;47;259
2023;3;Cádiz;América;Argentina;211;1772
2023;3;Córdoba;América;Argentina;121;968
2023;3;Gipuzkoa;América;Argentina;260;2132
2023;3;Girona;América;Argentina;271;1951
2023;3;Granada;América;Argentina;376;2970
2023;3;Guadalajara;América;Argentina;53;345
2023;3;Huelva;América;Argentina;35;378
2023;3;Huesca;América;Argentina;55;462
2023;3;Illes Balears;América;Argentina;954;7441
2023;3;La Rioja;América;Argentina;45;279
2023;3;Las Palmas;América;Argentina;318;2894
2023;3;León;América;Argentina;33;264
2023;3;Lleida;América;Argentina;195;1619
2023;3;Lugo;América;Argentina;64;518
2023;3;Madrid;América;Argentina;14350;83230
2023;3;Murcia;América;Argentina;113;1017
2023;3;Málaga;América;Argentina;1860;18042
2023;3;Navarra;América;Argentina;97;747
2023;3;Ourense;América;Argentina;38;422
2023;3;Pontevedra;América;Argentina;194;1824
2023;3;Salamanca;América;Argentina;63;410
2023;3;Santa Cruz de Tenerife;América;Argentina;260;2990
2023;3;Segovia;América;Argentina;48;178
2023;3;Sevilla;América;Argentina;522;4802
2023;3;Soria;América;Argentina;46;336
2023;3;Tarragona;América;Argentina;258;2348
2023;3;Toledo;América;Argentina;139;834
2023;3;Total Nacional;América;Argentina;32850;231788
2023;3;Valencia/València;América;Argentina;1441;13834
2023;3;Valladolid;América;Argentina;51;408
2023;3;Zaragoza;América;Argentina;184;1288
2023;4;A Coruña;América;Argentina;396;3049
2023;4;Alicante/Alacant;América;Argentina;869;7126
2023;4;Almería;América;Argentina;204;1489
2023;4;Araba/Álava;América;Argentina;47;367
2023;4;Asturias;América;Argentina;240;1824
2023;4;Badajoz;América;Argentina;72;612
2023;4;Barcelona;América;Argentina;8552;58154
2023;4;Bizkaia;América;Argentina;210;1680
2023;4;Burgos;América;Argentina;54;405
2023;4;Cantabria;América;Argentina;114;969
2023;4;Castellón/Castelló;América;Argentina;135;1188
2023;4;Ceuta;América;Argentina;41;66
2023;4;Ciudad Real;América;Argentina;31;205
2023;4;Cuenca;América;Argentina;36;299
2023;4;Cáceres;América;Argentina;63;397
2023;4;Cádiz;América;Argentina;218;1613
2023;4;Córdoba;América;Argentina;120;864
2023;4;Gipuzkoa;América;Argentina;316;2212
2023;4;Girona;América;Argentina;371;2412
2023;4;Granada;América;Argentina;405;2633
2023;4;Guadalajara;América;Argentina;52;354
2023;4;Huelva;América;Argentina;40;452
2023;4;Huesca;América;Argentina;49;407
2023;4;Illes Balears;América;Argentina;1484;11130
2023;4;Jaén;América;Argentina;35;308
2023;4;La Rioja;América;Argentina;35;326
2023;4;Las Palmas;América;Argentina;348;2645
2023;4;León;América;Argentina;70;546
2023;4;Lleida;América;Argentina;139;1029
2023;4;Lugo;América;Argentina;49;348
2023;4;Madrid;América;Argentina;15052;87302
2023;4;Murcia;América;Argentina;171;1556
2023;4;Málaga;América;Argentina;1997;17574
2023;4;Navarra;América;Argentina;125;1000
2023;4;Ourense;América;Argentina;38;251
2023;4;Pontevedra;América;Argentina;180;1458
2023;4;Salamanca;América;Argentina;101;677
2023;4;Santa Cruz de Tenerife;América;Argentina;418;2884
2023;4;Segovia;América;Argentina;41;172
2023;4;Sevilla;América;Argentina;596;5483
2023;4;Soria;América;Argentina;37;207
2023;4;Tarragona;América;Argentina;256;1741
2023;4;Toledo;América;Argentina;192;1171
2023;4;Total Nacional;América;Argentina;35815;243583
2023;4;Valencia/València;América;Argentina;1432;14463
2023;4;Valladolid;América;Argentina;52;411
2023;4;Zaragoza;América;Argentina;209;1359
2023;5;A Coruña;América;Argentina;486;4131
2023;5;Albacete;América;Argentina;37;229
2023;5;Alicante/Alacant;América;Argentina;909;8181
2023;5;Almería;América;Argentina;174;1792
2023;5;Araba/Álava;América;Argentina;40;288
2023;5;Asturias;América;Argentina;317;2536
2023;5;Badajoz;América;Argentina;65;468
2023;5;Barcelona;América;Argentina;10749;73093
2023;5;Bizkaia;América;Argentina;357;2713
2023;5;Burgos;América;Argentina;70;420
2023;5;Cantabria;América;Argentina;185;1332
2023;5;Castellón/Castelló;América;Argentina;173;1349
2023;5;Ciudad Real;América;Argentina;55;248
2023;5;Cuenca;América;Argentina;81;332
2023;5;Cáceres;América;Argentina;77;331
2023;5;Cádiz;América;Argentina;312;2434
2023;5;Córdoba;América;Argentina;146;1007
2023;5;Gipuzkoa;América;Argentina;526;3577
2023;5;Girona;América;Argentina;517;3567
2023;5;Granada;América;Argentina;511;3219
2023;5;Guadalajara;América;Argentina;73;453
2023;5;Huelva;América;Argentina;66;521
2023;5;Huesca;América;Argentina;74;562
2023;5;Illes Balears;América;Argentina;2325;18135
2023;5;Jaén;América;Argentina;43;353
2023;5;La Rioja;América;Argentina;57;439
2023;5;Las Palmas;América;Argentina;245;2156
2023;5;León;América;Argentina;108;896
2023;5;Lleida;América;Argentina;131;852
2023;5;Lugo;América;Argentina;94;714
2023;5;Madrid;América;Argentina;20332;121992
2023;5;Murcia;América;Argentina;137;1219
2023;5;Málaga;América;Argentina;2348;21836
2023;5;Navarra;América;Argentina;190;1501
2023;5;Ourense;América;Argentina;67;750
2023;5;Pontevedra;América;Argentina;347;2915
2023;5;Salamanca;América;Argentina;111;910
2023;5;Santa Cruz de Tenerife;América;Argentina;305;2745
2023;5;Segovia;América;Argentina;56;235
2023;5;Sevilla;América;Argentina;692;5674
2023;5;Soria;América;Argentina;41;287
2023;5;Tarragona;América;Argentina;340;2754
2023;5;Toledo;América;Argentina;294;1646
2023;5;Total Nacional;América;Argentina;46339;318854
2023;5;Valencia/València;América;Argentina;1694;15415
2023;5;Valladolid;América;Argentina;42;357
2023;5;Zamora;América;Argentina;37;278
2023;5;Zaragoza;América;Argentina;222;1576
2023;5;Ávila;América;Argentina;37;167
2023;6;A Coruña;América;Argentina;446;4192
2023;6;Albacete;América;Argentina;45;288
2023;6;Alicante/Alacant;América;Argentina;1165;10252
2023;6;Almería;América;Argentina;179;1736
2023;6;Araba/Álava;América;Argentina;50;350
2023;6;Asturias;América;Argentina;229;2015
2023;6;Badajoz;América;Argentina;70;539
2023;6;Barcelona;América;Argentina;8978;66437
2023;6;Bizkaia;América;Argentina;326;2543
2023;6;Burgos;América;Argentina;74;481
2023;6;Cantabria;América;Argentina;158;1596
2023;6;Castellón/Castelló;América;Argentina;154;1324
2023;6;Ciudad Real;América;Argentina;36;256
2023;6;Cuenca;América;Argentina;64;237
2023;6;Cáceres;América;Argentina;49;368
2023;6;Cádiz;América;Argentina;258;2322
2023;6;Córdoba;América;Argentina;91;646
2023;6;Gipuzkoa;América;Argentina;494;3952
2023;6;Girona;América;Argentina;718;5457
2023;6;Granada;América;Argentina;383;3026
2023;6;Guadalajara;América;Argentina;71;355
2023;6;Huelva;América;Argentina;50;555
2023;6;Huesca;América;Argentina;77;570
2023;6;Illes Balears;América;Argentina;3788;32198
2023;6;Jaén;América;Argentina;44;308
2023;6;La Rioja;América;Argentina;76;790
2023;6;Las Palmas;América;Argentina;226;1921
2023;6;León;América;Argentina;91;892
2023;6;Lleida;América;Argentina;88;642
2023;6;Lugo;América;Argentina;74;622
2023;6;Madrid;América;Argentina;15676;100326
2023;6;Murcia;América;Argentina;118;1003
2023;6;Málaga;América;Argentina;2307;22839
2023;6;Navarra;América;Argentina;171;1744
2023;6;Ourense;América;Argentina;50;425
2023;6;Pontevedra;América;Argentina;271;2818
2023;6;Salamanca;América;Argentina;106;880
2023;6;Santa Cruz de Tenerife;América;Argentina;133;1197
2023;6;Segovia;América;Argentina;41;238
2023;6;Sevilla;América;Argentina;530;5088
2023;6;Soria;América;Argentina;47;273
2023;6;Tarragona;América;Argentina;368;2870
2023;6;Toledo;América;Argentina;172;1170
2023;6;Total Nacional;América;Argentina;40418;304376
2023;6;Valencia/València;América;Argentina;1518;14269
2023;6;Valladolid;América;Argentina;46;400
2023;6;Zaragoza;América;Argentina;195;1248
2023;6;Ávila;América;Argentina;42;239
2023;7;A Coruña;América;Argentina;469;4878
2023;7;Albacete;América;Argentina;33;261
2023;7;Alicante/Alacant;América;Argentina;1186;11979
2023;7;Almería;América;Argentina;218;2049
2023;7;Araba/Álava;América;Argentina;86;714
2023;7;Asturias;América;Argentina;297;2762
2023;7;Badajoz;América;Argentina;61;476
2023;7;Barcelona;América;Argentina;9141;71300
2023;7;Bizkaia;América;Argentina;242;2081
2023;7;Burgos;América;Argentina;72;475
2023;7;Cantabria;América;Argentina;154;1448
2023;7;Castellón/Castelló;América;Argentina;210;1953
2023;7;Ciudad Real;América;Argentina;34;231
2023;7;Cuenca;América;Argentina;39;246
2023;7;Cáceres;América;Argentina;64;358
2023;7;Cádiz;América;Argentina;301;2860
2023;7;Córdoba;América;Argentina;84;664
2023;7;Gipuzkoa;América;Argentina;368;3018
2023;7;Girona;América;Argentina;952;8282
2023;7;Granada;América;Argentina;317;2790
2023;7;Guadalajara;América;Argentina;66;449
2023;7;Huelva;América;Argentina;63;636
2023;7;Huesca;América;Argentina;69;476
2023;7;Illes Balears;América;Argentina;6622;62247
2023;7;La Rioja;América;Argentina;70;644
2023;7;Las Palmas;América;Argentina;341;3581
2023;7;León;América;Argentina;98;970
2023;7;Lleida;América;Argentina;152;1034
2023;7;Lugo;América;Argentina;77;724
2023;7;Madrid;América;Argentina;14503;85568
2023;7;Murcia;América;Argentina;190;1843
2023;7;Málaga;América;Argentina;2149;19771
2023;7;Navarra;América;Argentina;246;2042
2023;7;Ourense;América;Argentina;66;673
2023;7;Pontevedra;América;Argentina;329;3224
2023;7;Salamanca;América;Argentina;120;984
2023;7;Santa Cruz de Tenerife;América;Argentina;291;2881
2023;7;Segovia;América;Argentina;45;270
2023;7;Sevilla;América;Argentina;347;2672
2023;7;Soria;América;Argentina;43;391
2023;7;Tarragona;América;Argentina;501;4709
2023;7;Toledo;América;Argentina;204;1367
2023;7;Total Nacional;América;Argentina;43027;334230
2023;7;Valencia/València;América;Argentina;1767;15196
2023;7;Valladolid;América;Argentina;75;570
2023;7;Zaragoza;América;Argentina;153;1392
2023;8;A Coruña;América;Argentina;568;6191
2023;8;Alicante/Alacant;América;Argentina;1362;14301
2023;8;Almería;América;Argentina;231;2818
2023;8;Araba/Álava;América;Argentina;74;533
2023;8;Asturias;América;Argentina;361;4079
2023;8;Badajoz;América;Argentina;98;764
2023;8;Barcelona;América;Argentina;6987;56595
2023;8;Bizkaia;América;Argentina;259;2486
2023;8;Burgos;América;Argentina;66;607
2023;8;Cantabria;América;Argentina;196;1960
2023;8;Castellón/Castelló;América;Argentina;200;1740
2023;8;Ciudad Real;América;Argentina;34;309
2023;8;Cáceres;América;Argentina;39;265
2023;8;Cádiz;América;Argentina;378;4498
2023;8;Córdoba;América;Argentina;40;344
2023;8;Gipuzkoa;América;Argentina;469;3799
2023;8;Girona;América;Argentina;724;6588
2023;8;Granada;América;Argentina;353;3036
2023;8;Guadalajara;América;Argentina;52;452
2023;8;Huelva;América;Argentina;71;923
2023;8;Huesca;América;Argentina;57;490
2023;8;Illes Balears;América;Argentina;5204;50479
2023;8;La Rioja;América;Argentina;75;705
2023;8;Las Palmas;América;Argentina;306;2968
2023;8;León;América;Argentina;95;998
2023;8;Lleida;América;Argentina;146;1066
2023;8;Lugo;América;Argentina;121;1343
2023;8;Madrid;América;Argentina;14194;73809
2023;8;Murcia;América;Argentina;174;1549
2023;8;Málaga;América;Argentina;2290;24732
2023;8;Navarra;América;Argentina;202;2222
2023;8;Ourense;América;Argentina;108;1242
2023;8;Pontevedra;América;Argentina;374;4264
2023;8;Salamanca;América;Argentina;183;1409
2023;8;Santa Cruz de Tenerife;América;Argentina;201;2171
2023;8;Segovia;América;Argentina;66;323
2023;8;Sevilla;América;Argentina;285;2451
2023;8;Soria;América;Argentina;88;616
2023;8;Tarragona;América;Argentina;420;4242
2023;8;Toledo;América;Argentina;165;1122
2023;8;Total Nacional;América;Argentina;39462;309811
2023;8;Valencia/València;América;Argentina;1719;15987
2023;8;Valladolid;América;Argentina;55;517
2023;8;Zamora;América;Argentina;46;391
2023;8;Zaragoza;América;Argentina;158;1074
2023;8;Ávila;América;Argentina;30;198
2023;9;A Coruña;América;Argentina;454;4358
2023;9;Alicante/Alacant;América;Argentina;1091;12001
2023;9;Almería;América;Argentina;181;2118
2023;9;Araba/Álava;América;Argentina;66;587
2023;9;Asturias;América;Argentina;248;2728
2023;9;Badajoz;América;Argentina;40;444
2023;9;Barcelona;América;Argentina;9442;65150
2023;9;Bizkaia;América;Argentina;292;2365
2023;9;Burgos;América;Argentina;80;784
2023;9;Cantabria;América;Argentina;165;1832
2023;9;Castellón/Castelló;América;Argentina;160;1712
2023;9;Cuenca;América;Argentina;56;353
2023;9;Cáceres;América;Argentina;62;546
2023;9;Cádiz;América;Argentina;282;3046
2023;9;Córdoba;América;Argentina;103;896
2023;9;Gipuzkoa;América;Argentina;619;4952
2023;9;Girona;América;Argentina;758;5912
2023;9;Granada;América;Argentina;381;3315
2023;9;Guadalajara;América;Argentina;80;592
2023;9;Huelva;América;Argentina;45;437
2023;9;Huesca;América;Argentina;70;616
2023;9;Illes Balears;América;Argentina;4138;40966
2023;9;La Rioja;América;Argentina;47;348
2023;9;Las Palmas;América;Argentina;256;2304
2023;9;León;América;Argentina;115;1231
2023;9;Lleida;América;Argentina;127;737
2023;9;Lugo;América;Argentina;84;706
2023;9;Madrid;América;Argentina;18613;89342
2023;9;Murcia;América;Argentina;123;1132
2023;9;Málaga;América;Argentina;2133;24743
2023;9;Navarra;América;Argentina;178;1549
2023;9;Ourense;América;Argentina;74;792
2023;9;Pontevedra;América;Argentina;316;3286
2023;9;Salamanca;América;Argentina;112;694
2023;9;Santa Cruz de Tenerife;América;Argentina;192;2016
2023;9;Segovia;América;Argentina;69;483
2023;9;Sevilla;América;Argentina;422;3334
2023;9;Soria;América;Argentina;44;268
2023;9;Tarragona;América;Argentina;428;4622
2023;9;Toledo;América;Argentina;191;974
2023;9;Total Nacional;América;Argentina;44388;312032
2023;9;Valencia/València;América;Argentina;1557;13702
2023;9;Valladolid;América;Argentina;62;459
2023;9;Zamora;América;Argentina;42;378
2023;9;Zaragoza;América;Argentina;214;1819
2023;9;Ávila;América;Argentina;30;141
2023;10;A Coruña;América;Argentina;386;3628
2023;10;Alicante/Alacant;América;Argentina;734;6606
2023;10;Almería;América;Argentina;171;1573
2023;10;Araba/Álava;América;Argentina;53;413
2023;10;Asturias;América;Argentina;207;1842
2023;10;Badajoz;América;Argentina;61;592
2023;10;Barcelona;América;Argentina;8329;54971
2023;10;Bizkaia;América;Argentina;270;2322
2023;10;Burgos;América;Argentina;84;664
2023;10;Cantabria;América;Argentina;155;1256
2023;10;Castellón/Castelló;América;Argentina;133;1037
2023;10;Ciudad Real;América;Argentina;35;259
2023;10;Cuenca;América;Argentina;50;260
2023;10;Cádiz;América;Argentina;269;2287
2023;10;Córdoba;América;Argentina;88;607
2023;10;Gipuzkoa;América;Argentina;570;4104
2023;10;Girona;América;Argentina;516;3922
2023;10;Granada;América;Argentina;343;2881
2023;10;Guadalajara;América;Argentina;58;313
2023;10;Huelva;América;Argentina;31;260
2023;10;Huesca;América;Argentina;64;512
2023;10;Illes Balears;América;Argentina;1861;17866
2023;10;La Rioja;América;Argentina;55;473
2023;10;Las Palmas;América;Argentina;297;2435
2023;10;León;América;Argentina;97;980
2023;10;Lleida;América;Argentina;123;750
2023;10;Lugo;América;Argentina;72;677
2023;10;Madrid;América;Argentina;18772;105123
2023;10;Murcia;América;Argentina;137;1082
2023;10;Málaga;América;Argentina;1604;15880
2023;10;Navarra;América;Argentina;153;1239
2023;10;Ourense;América;Argentina;53;599
2023;10;Pontevedra;América;Argentina;347;3227
2023;10;Salamanca;América;Argentina;91;664
2023;10;Santa Cruz de Tenerife;América;Argentina;241;1952
2023;10;Segovia;América;Argentina;50;270
2023;10;Sevilla;América;Argentina;507;4360
2023;10;Soria;América;Argentina;31;229
2023;10;Tarragona;América;Argentina;318;2703
2023;10;Toledo;América;Argentina;240;1152
2023;10;Total Nacional;América;Argentina;39293;265817
2023;10;Valencia/València;América;Argentina;1288;11206
2023;10;Valladolid;América;Argentina;59;384
2023;10;Zaragoza;América;Argentina;158;1106
2023;11;A Coruña;América;Argentina;220;1980
2023;11;Alicante/Alacant;América;Argentina;673;6595
2023;11;Almería;América;Argentina;154;1463
2023;11;Araba/Álava;América;Argentina;36;335
2023;11;Asturias;América;Argentina;143;1401
2023;11;Badajoz;América;Argentina;39;293
2023;11;Barcelona;América;Argentina;6060;41814
2023;11;Bizkaia;América;Argentina;157;1570
2023;11;Burgos;América;Argentina;32;291
2023;11;Cantabria;América;Argentina;58;412
2023;11;Castellón/Castelló;América;Argentina;131;1048
2023;11;Ciudad Real;América;Argentina;40;272
2023;11;Cuenca;América;Argentina;35;182
2023;11;Cáceres;América;Argentina;33;314
2023;11;Cádiz;América;Argentina;354;2301
2023;11;Córdoba;América;Argentina;57;479
2023;11;Gipuzkoa;América;Argentina;206;1524
2023;11;Girona;América;Argentina;224;1926
2023;11;Granada;América;Argentina;274;2329
2023;11;Guadalajara;América;Argentina;77;454
2023;11;Huelva;América;Argentina;34;371
2023;11;Huesca;América;Argentina;48;442
2023;11;Illes Balears;América;Argentina;798;7741
2023;11;Jaén;América;Argentina;34;224
2023;11;La Rioja;América;Argentina;44;458
2023;11;Las Palmas;América;Argentina;229;1832
2023;11;León;América;Argentina;58;586
2023;11;Lleida;América;Argentina;132;898
2023;11;Lugo;América;Argentina;58;580
2023;11;Madrid;América;Argentina;10102;59602
2023;11;Murcia;América;Argentina;90;846
2023;11;Málaga;América;Argentina;1284;13482
2023;11;Navarra;América;Argentina;94;743
2023;11;Ourense;América;Argentina;51;510
2023;11;Pontevedra;América;Argentina;198;2039
2023;11;Salamanca;América;Argentina;76;600
2023;11;Santa Cruz de Tenerife;América;Argentina;218;1657
2023;11;Segovia;América;Argentina;41;213
2023;11;Sevilla;América;Argentina;362;3222
2023;11;Soria;América;Argentina;37;255
2023;11;Tarragona;América;Argentina;267;2109
2023;11;Toledo;América;Argentina;128;717
2023;11;Total Nacional;América;Argentina;24771;178809
2023;11;Valencia/València;América;Argentina;1077;10232
2023;11;Valladolid;América;Argentina;45;315
2023;11;Zaragoza;América;Argentina;126;1121
2023;12;A Coruña;América;Argentina;339;2915
2023;12;Alicante/Alacant;América;Argentina;1036;8702
2023;12;Almería;América;Argentina;181;1376
2023;12;Araba/Álava;América;Argentina;62;558
2023;12;Asturias;América;Argentina;200;1760
2023;12;Badajoz;América;Argentina;62;360
2023;12;Barcelona;América;Argentina;6776;44044
2023;12;Bizkaia;América;Argentina;157;1256
2023;12;Burgos;América;Argentina;76;486
2023;12;Cantabria;América;Argentina;103;803
2023;12;Castellón/Castelló;América;Argentina;140;994
2023;12;Ciudad Real;América;Argentina;45;306
2023;12;Cuenca;América;Argentina;45;185
2023;12;Cádiz;América;Argentina;146;1285
2023;12;Córdoba;América;Argentina;62;484
2023;12;Gipuzkoa;América;Argentina;190;1368
2023;12;Girona;América;Argentina;334;2238
2023;12;Granada;América;Argentina;318;2290
2023;12;Guadalajara;América;Argentina;66;356
2023;12;Huesca;América;Argentina;51;525
2023;12;Illes Balears;América;Argentina;833;6497
2023;12;La Rioja;América;Argentina;55;319
2023;12;Las Palmas;América;Argentina;361;2347
2023;12;León;América;Argentina;89;819
2023;12;Lleida;América;Argentina;207;1242
2023;12;Lugo;América;Argentina;47;273
2023;12;Madrid;América;Argentina;13975;65683
2023;12;Murcia;América;Argentina;126;857
2023;12;Málaga;América;Argentina;1693;14560
2023;12;Navarra;América;Argentina;142;1051
2023;12;Ourense;América;Argentina;51;332
2023;12;Pontevedra;América;Argentina;251;2234
2023;12;Salamanca;América;Argentina;63;416
2023;12;Santa Cruz de Tenerife;América;Argentina;290;2320
2023;12;Sevilla;América;Argentina;355;2805
2023;12;Soria;América;Argentina;66;396
2023;12;Tarragona;América;Argentina;363;2541
2023;12;Toledo;América;Argentina;162;972
2023;12;Total Nacional;América;Argentina;31571;193993
2023;12;Valencia/València;América;Argentina;1586;12847
2023;12;Valladolid;América;Argentina;63;454
2023;12;Zaragoza;América;Argentina;191;1299
2023;12;Ávila;América;Argentina;45;239
2024;1;A Coruña;América;Argentina;219;2365
2024;1;Alicante/Alacant;América;Argentina;722;7292
2024;1;Almería;América;Argentina;114;1243
2024;1;Araba/Álava;América;Argentina;30;252
2024;1;Asturias;América;Argentina;135;1553
2024;1;Barcelona;América;Argentina;5052;38900
2024;1;Bizkaia;América;Argentina;144;1397
2024;1;Burgos;América;Argentina;40;268
2024;1;Cantabria;América;Argentina;52;541
2024;1;Castellón/Castelló;América;Argentina;105;851
2024;1;Cáceres;América;Argentina;32;310
2024;1;Cádiz;América;Argentina;94;902
2024;1;Córdoba;América;Argentina;72;504
2024;1;Gipuzkoa;América;Argentina;156;1092
2024;1;Girona;América;Argentina;218;1679
2024;1;Granada;América;Argentina;260;2158
2024;1;Guadalajara;América;Argentina;53;408
2024;1;Huesca;América;Argentina;45;369
2024;1;Illes Balears;América;Argentina;531;4726
2024;1;La Rioja;América;Argentina;54;621
2024;1;Las Palmas;América;Argentina;277;2715
2024;1;León;América;Argentina;42;420
2024;1;Lleida;América;Argentina;143;1087
2024;1;Lugo;América;Argentina;37;385
2024;1;Madrid;América;Argentina;10381;61248
2024;1;Murcia;América;Argentina;97;1019
2024;1;Málaga;América;Argentina;1294;12034
2024;1;Navarra;América;Argentina;73;730
2024;1;Ourense;América;Argentina;30;300
2024;1;Pontevedra;América;Argentina;159;1558
2024;1;Salamanca;América;Argentina;61;445
2024;1;Santa Cruz de Tenerife;América;Argentina;227;2384
2024;1;Sevilla;América;Argentina;341;3103
2024;1;Tarragona;América;Argentina;269;2825
2024;1;Toledo;América;Argentina;105;672
2024;1;Total Nacional;América;Argentina;23222;171696
2024;1;Valencia/València;América;Argentina;1135;9761
2024;1;Valladolid;América;Argentina;44;273
2024;1;Zaragoza;América;Argentina;105;903
2024;2;A Coruña;América;Argentina;212;1866
2024;2;Alicante/Alacant;América;Argentina;566;4924
2024;2;Almería;América;Argentina;84;781
2024;2;Asturias;América;Argentina;113;1028
2024;2;Barcelona;América;Argentina;5329;35704
2024;2;Bizkaia;América;Argentina;115;989
2024;2;Burgos;América;Argentina;42;248
2024;2;Cantabria;América;Argentina;45;360
2024;2;Castellón/Castelló;América;Argentina;91;774
2024;2;Cádiz;América;Argentina;74;570
2024;2;Córdoba;América;Argentina;81;494
2024;2;Gipuzkoa;América;Argentina;127;940
2024;2;Girona;América;Argentina;236;1581
2024;2;Granada;América;Argentina;244;1635
2024;2;Guadalajara;América;Argentina;37;266
2024;2;Illes Balears;América;Argentina;510;3570
2024;2;Las Palmas;América;Argentina;292;2015
2024;2;León;América;Argentina;31;254
2024;2;Lleida;América;Argentina;216;1706
2024;2;Madrid;América;Argentina;11470;65379
2024;2;Murcia;América;Argentina;69;690
2024;2;Málaga;América;Argentina;1265;10626
2024;2;Navarra;América;Argentina;58;458
2024;2;Pontevedra;América;Argentina;132;1360
2024;2;Salamanca;América;Argentina;55;512
2024;2;Santa Cruz de Tenerife;América;Argentina;173;1471
2024;2;Sevilla;América;Argentina;418;3386
2024;2;Tarragona;América;Argentina;208;1477
2024;2;Toledo;América;Argentina;84;395
2024;2;Total Nacional;América;Argentina;23938;157160
2024;2;Valencia/València;América;Argentina;1066;7995
2024;2;Valladolid;América;Argentina;49;348
2024;2;Zaragoza;América;Argentina;110;781
2024;3;A Coruña;América;Argentina;264;2112
2024;3;Alicante/Alacant;América;Argentina;763;6257
2024;3;Almería;América;Argentina;127;927
2024;3;Araba/Álava;América;Argentina;33;234
2024;3;Asturias;América;Argentina;180;1548
2024;3;Barcelona;América;Argentina;7625;47275
2024;3;Bizkaia;América;Argentina;175;1505
2024;3;Burgos;América;Argentina;50;300
2024;3;Cantabria;América;Argentina;79;616
2024;3;Castellón/Castelló;América;Argentina;132;1254
2024;3;Cádiz;América;Argentina;206;1030
2024;3;Córdoba;América;Argentina;103;587
2024;3;Gipuzkoa;América;Argentina;212;1336
2024;3;Girona;América;Argentina;305;1891
2024;3;Granada;América;Argentina;314;1915
2024;3;Guadalajara;América;Argentina;58;284
2024;3;Huesca;América;Argentina;34;309
2024;3;Illes Balears;América;Argentina;870;6525
2024;3;Jaén;América;Argentina;33;277
2024;3;La Rioja;América;Argentina;40;292
2024;3;Las Palmas;América;Argentina;233;1678
2024;3;Lleida;América;Argentina;196;1039
2024;3;Lugo;América;Argentina;42;319
2024;3;Madrid;América;Argentina;14055;75897
2024;3;Murcia;América;Argentina;143;1073
2024;3;Málaga;América;Argentina;1713;14389
2024;3;Navarra;América;Argentina;83;614
2024;3;Ourense;América;Argentina;35;396
2024;3;Pontevedra;América;Argentina;161;1385
2024;3;Salamanca;América;Argentina;65;384
2024;3;Santa Cruz de Tenerife;América;Argentina;211;1983
2024;3;Segovia;América;Argentina;57;262
2024;3;Sevilla;América;Argentina;456;3785
2024;3;Tarragona;América;Argentina;318;2258
2024;3;Toledo;América;Argentina;165;858
2024;3;Total Nacional;América;Argentina;31620;199323
2024;3;Valencia/València;América;Argentina;1588;13022
2024;3;Valladolid;América;Argentina;57;490
2024;3;Zaragoza;América;Argentina;174;1218
